Date,Waste Type,Weight ,Bin Level ,Temperature ,methane,ammonia,benzene,sulphide,carbon monoxide
5/12/2025,wet,19.8,78,49.1,97,59,27,93,0
2/3/2025,dry,7.2,27,28.4,0,0,0,0,65
7/28/2025,wet,23.5,93,53.8,31,20,44,69,0
1/15/2025,dry,14.1,55,30.1,0,0,0,0,83
8/4/2025,wet,4.6,17,33.9,88,54,41,63,0
4/21/2025,dry,20.9,85,29.5,0,0,0,0,73
6/19/2025,wet,11.2,44,40.8,11,98,84,64,0
3/1/2025,wet,24.9,98,55.4,11,15,98,72,0
1/5/2025,dry,2.1,7,26.7,0,0,0,0,45
7/11/2025,wet,16.7,65,46.3,9,95,67,63,0
3/12/2025,wet,21.1,83,50.2,73,82,92,70,0
5/17/2025,dry,10.6,43,27.8,0,0,0,0,55
6/30/2025,wet,18.3,72,52.1,77,77,17,73,0
2/17/2025,dry,5.5,22,31.6,0,0,0,0,64
7/5/2025,wet,12.8,51,44.9,52,85,76,14,0
3/25/2025,dry,3.3,12,28,0,0,0,0,4
8/9/2025,wet,26.7,92,57.3,68,13,33,39,0
1/28/2025,dry,9.4,35,29,0,0,0,0,58
4/14/2025,wet,8.5,33,38.2,26,36,31,80,0
5/23/2025,dry,15.2,60,30.9,0,0,0,0,61
3/18/2025,wet,17.9,65,45.3,42,22,84,2,0
7/20/2025,dry,11.2,39,33,0,0,0,0,16
2/5/2025,wet,14.3,57,42.1,53,82,47,38,0
6/22/2025,dry,9.8,28,29.8,0,0,0,0,65
4/5/2025,wet,22.5,78,49.4,49,4,95,18,0
5/30/2025,dry,7.3,29,31.2,0,0,0,0,47
1/18/2025,wet,16.1,58,37.5,77,97,42,90,0
6/10/2025,dry,13.9,50,34.2,0,0,0,0,91
4/20/2025,wet,19,65,41.7,75,18,67,34,0
7/15/2025,dry,6.7,26,30.4,0,0,0,0,41
2/12/2025,wet,13.2,50,39.1,15,70,75,9,0
8/1/2025,dry,10.3,41,32.8,0,0,0,0,72
3/10/2025,wet,20.7,75,47.6,18,77,14,33,0
7/28/2025,dry,12.4,45,35.3,0,0,0,0,79
4/2/2025,wet,9.2,35,33,72,64,62,3,0
5/12/2025,dry,16.1,58,30.5,0,0,0,0,80
1/30/2025,wet,14.8,54,38.3,46,32,27,37,0
6/18/2025,dry,8.9,31,30.2,0,0,0,0,0
4/22/2025,wet,23,80,50.2,43,95,78,40,0
5/5/2025,dry,11.5,42,29.4,0,0,0,0,8
6/24/2025,wet,17.4,65,45.9,86,42,65,11,0
7/13/2025,dry,9.8,37,33.7,0,0,0,0,60
1/17/2025,wet,22,82,51.2,89,69,26,53,0
3/1/2025,dry,7.3,28,32,0,0,0,0,52
5/19/2025,wet,15.7,59,40.1,3,66,6,6,0
4/11/2025,dry,6.9,26,30.5,0,0,0,0,58
7/22/2025,wet,24.3,89,55.4,16,11,70,80,0
2/3/2025,dry,8.1,31,34.2,0,0,0,0,14
5/9/2025,wet,20.5,77,43.8,99,38,26,39,0
8/15/2025,dry,11.2,44,31.2,0,0,0,0,10
6/19/2025,wet,19.2,73,48.3,55,67,76,42,0
3/22/2025,dry,12.1,46,29.4,0,0,0,0,42
7/1/2025,wet,23.6,88,54.5,67,23,30,72,0
2/8/2025,dry,5.4,21,31,0,0,0,0,22
4/19/2025,wet,16.8,65,42.6,10,48,76,78,0
8/22/2025,dry,10.5,40,30.1,0,0,0,0,7
5/30/2025,wet,25.1,94,58,18,66,20,63,0
3/18/2025,dry,9,35,28.8,0,0,0,0,78
7/26/2025,wet,27.3,95,60.3,12,60,25,31,0
1/12/2025,dry,7.9,30,29.8,0,0,0,0,90
6/5/2025,wet,20.4,81,49.2,98,50,9,0,0
2/23/2025,dry,11.3,42,32.1,0,0,0,0,61
7/13/2025,wet,22.6,85,53.7,28,90,57,71,0
3/2/2025,dry,8.8,34,30.5,0,0,0,0,83
4/1/2025,wet,14.1,56,41.8,26,94,88,72,0
8/11/2025,dry,13.7,52,29.9,0,0,0,0,69
5/9/2025,wet,24.5,90,56.8,99,4,48,26,0
3/14/2025,dry,6.7,27,29.2,0,0,0,0,95
6/25/2025,wet,17.5,70,50.1,0,17,88,40,0
2/4/2025,dry,10.2,39,30.8,0,0,0,0,86
7/18/2025,wet,25.3,88,54.4,12,12,11,91,0
3/28/2025,dry,9.6,37,33.3,0,0,0,0,10
6/17/2025,wet,19.9,78,48.5,63,53,67,6,0
2/8/2025,dry,7.2,28,31.1,0,0,0,0,34
4/20/2025,wet,11.4,45,36.7,31,5,35,83,0
8/4/2025,dry,12,47,32.4,0,0,0,0,59
5/3/2025,wet,23.1,89,52,12,73,47,28,0
3/7/2025,dry,8,31,30.2,0,0,0,0,24
6/12/2025,wet,15.9,63,47.6,16,55,45,22,0
2/11/2025,dry,5.3,21,32.4,0,0,0,0,36
7/22/2025,wet,24.7,86,53.8,78,28,82,90,0
5/10/2025,dry,6.8,26,29.5,0,0,0,0,6
3/17/2025,wet,16.4,65,45.3,28,55,61,41,0
4/4/2025,dry,4.1,16,30.2,0,0,0,0,8
6/24/2025,wet,19.3,75,49.2,75,44,27,0,0
8/11/2025,dry,13.4,50,34,0,0,0,0,76
2/3/2025,wet,11.7,46,33.9,78,55,57,6,0
5/18/2025,dry,7.9,31,29.2,0,0,0,0,81
4/28/2025,wet,14.2,55,37.8,88,53,2,23,0
6/8/2025,dry,6.6,25,32.6,0,0,0,0,32
3/2/2025,wet,23.5,87,50.5,33,22,66,32,0
5/4/2025,dry,9.2,38,30.7,0,0,0,0,35
6/19/2025,wet,22.1,84,48.4,87,75,94,99,0
1/25/2025,dry,8.3,33,29.2,0,0,0,0,17
7/14/2025,wet,15.6,62,46.1,98,71,91,51,0
3/21/2025,dry,7.1,28,30.5,0,0,0,0,46
5/29/2025,wet,20.8,80,52.3,29,73,47,21,0
4/22/2025,dry,6,24,29.1,0,0,0,0,68
6/1/2025,wet,18.9,73,44.8,95,27,85,21,0
2/13/2025,dry,5.2,21,31.4,0,0,0,0,47
1/23/2025,wet,13.6,55,42.5,54,87,65,90,0
3/7/2025,dry,10.2,41,33.4,0,0,0,0,19
4/12/2025,wet,22.4,89,51.1,27,3,18,71,0
6/7/2025,dry,8.3,33,30.6,0,0,0,0,10
2/10/2025,wet,20.7,81,48.9,22,66,0,25,0
7/15/2025,dry,7.8,31,28.7,0,0,0,0,51
3/22/2025,wet,23,90,52.3,24,87,91,20,0
5/28/2025,dry,9.1,37,31.2,0,0,0,0,25
1/15/2025,wet,14.9,59,43.2,2,38,49,98,0
4/22/2025,dry,6.5,27,30.4,0,0,0,0,57
2/14/2025,wet,18.3,73,49,87,10,77,89,0
3/17/2025,dry,11.7,47,32.8,0,0,0,0,43
5/30/2025,wet,20.5,80,51.9,23,12,57,20,0
7/20/2025,dry,13.4,53,34.6,0,0,0,0,15
1/19/2025,wet,16.8,68,45.2,67,80,58,77,0
4/7/2025,dry,9.2,36,31.7,0,0,0,0,59
6/14/2025,wet,21.1,84,53.8,11,59,40,34,0
2/24/2025,dry,7.4,29,30.2,0,0,0,0,48
8/12/2025,wet,25.3,91,56.1,96,13,93,40,0
3/3/2025,dry,10,40,30.5,0,0,0,0,26
4/18/2025,wet,14.2,57,43.5,1,70,4,0,0
1/5/2025,dry,5.9,24,28.1,0,0,0,0,0
6/28/2025,wet,23.4,88,54.7,46,53,58,78,0
2/11/2025,dry,8.3,34,32.3,0,0,0,0,42
3/20/2025,wet,19.7,78,50.6,23,99,54,11,0
7/15/2025,dry,12.1,48,35.2,0,0,0,0,36
5/9/2025,wet,17.6,70,46.1,33,90,52,51,0
1/14/2025,dry,6.1,25,29.5,0,0,0,0,55
6/3/2025,wet,22.4,85,52.3,39,19,40,74,0
4/30/2025,dry,9.7,39,30.8,0,0,0,0,9
8/22/2025,wet,24.5,93,58.2,60,28,44,27,0
5/19/2025,dry,11.3,45,33.7,0,0,0,0,53
1/20/2025,wet,18.9,75,42.9,44,38,84,85,0
2/9/2025,dry,4.7,19,30.1,0,0,0,0,30
6/25/2025,wet,21.8,86,53.9,4,48,40,59,0
4/7/2025,dry,7.2,29,31.2,0,0,0,0,11
3/28/2025,wet,20.3,79,49.8,16,9,27,50,0
7/12/2025,dry,13.5,52,36.4,0,0,0,0,71
5/30/2025,wet,19.4,77,48.7,67,46,44,4,0
1/16/2025,dry,5.8,23,28.9,0,0,0,0,80
9/10/2025,wet,22.7,76,48.4,39,74,17,39,0
10/21/2025,dry,13.9,62,29.7,0,0,0,0,14
12/5/2025,wet,17.6,67,54.3,56,32,51,27,0
11/15/2025,dry,9.2,38,33,0,0,0,0,14
1/14/2025,wet,16.3,63,50,44,30,29,27,0
3/9/2025,dry,5.8,24,28.5,0,0,0,0,68
6/1/2025,wet,25.1,88,55,56,25,97,53,0
7/19/2025,dry,12.3,50,36.8,0,0,0,0,33
2/23/2025,wet,20.5,80,47.2,48,75,62,88,0
8/12/2025,dry,10.1,40,31.1,0,0,0,0,13
11/4/2025,wet,19.2,58,35.6,15,16,59,72,0
2/7/2025,dry,8.3,27,28.1,0,0,0,0,53
6/16/2025,wet,14.5,42,31.2,43,82,29,93,0
7/29/2025,dry,11.8,49,32.5,0,0,0,0,54
5/4/2025,wet,22.3,65,45.9,87,91,23,93,0
3/19/2025,dry,6.7,18,29.8,0,0,0,0,74
9/25/2025,wet,17.1,55,49.3,81,27,9,69,0
4/3/2025,dry,10.2,33,30.4,0,0,0,0,29
8/22/2025,wet,23.4,74,46.7,30,2,55,85,0
12/14/2025,dry,7.4,26,31.3,0,0,0,0,19
10/2/2025,wet,25.7,89,53.2,17,30,76,16,0
11/16/2025,dry,9.1,37,30.7,0,0,0,0,6
1/17/2025,wet,16.4,61,41.5,55,53,41,54,0
6/11/2025,dry,13.3,52,34.1,0,0,0,0,74
7/19/2025,wet,11.7,46,43.3,26,70,57,99,0
2/26/2025,dry,5.2,21,32.2,0,0,0,0,41
8/4/2025,wet,18.8,68,44,65,65,11,93,0
4/22/2025,dry,12.5,51,29.5,0,0,0,0,99
9/30/2025,wet,22,79,47.1,0,9,16,14,0
12/6/2025,dry,8,30,32.8,0,0,0,0,93
3/2/2025,wet,19.4,72,49.6,71,80,19,58,0
7/28/2025,dry,14.2,56,30.1,0,0,0,0,65
2/5/2025,wet,10.9,42,34.3,91,39,77,78,0
8/23/2025,dry,7.6,29,33.2,0,0,0,0,64
5/10/2025,wet,13.1,52,45.7,15,44,92,83,0
6/3/2025,dry,9.3,37,31.9,0,0,0,0,6
4/9/2025,wet,24,85,52.3,54,55,96,67,0
1/12/2025,dry,5.8,22,30.8,0,0,0,0,28
11/20/2025,wet,16.7,63,44.5,71,8,73,32,0
10/15/2025,dry,11,43,32,0,0,0,0,53
3/18/2025,wet,22.3,78,48.7,7,9,58,26,0
6/21/2025,dry,8.5,34,30,0,0,0,0,21
4/11/2025,wet,15.4,58,42.8,76,37,28,6,0
9/6/2025,dry,14.9,60,32.7,0,0,0,0,99
2/25/2025,wet,17.2,66,36.4,72,19,1,49,0
8/13/2025,dry,13.1,51,29.3,0,0,0,0,60
7/2/2025,wet,19.7,75,53.2,58,4,52,42,0
1/19/2025,dry,6.3,24,31.1,0,0,0,0,99
5/31/2025,wet,18.8,71,49.2,91,68,44,98,0
10/2/2025,dry,11.5,45,34.5,0,0,0,0,60
2/5/2025,wet,20.4,80,45.3,37,50,10,99,0
7/18/2025,dry,7.6,31,28.8,0,0,0,0,78
4/7/2025,wet,13.2,55,39.1,73,68,32,12,0
9/10/2025,dry,10.7,42,30.5,0,0,0,0,70
5/21/2025,wet,16.1,65,48.4,34,22,49,23,0
8/26/2025,dry,12.2,48,31.9,0,0,0,0,82
3/14/2025,wet,24.3,85,51.5,20,55,71,7,0
6/18/2025,dry,9.8,38,29.7,0,0,0,0,65
1/12/2025,wet,22.5,78,47,92,0,42,97,0
5/12/2025,wet,20.1,79,49.5,0,85,19,11,0
2/3/2025,dry,7.5,28,28.8,0,0,0,0,33
7/28/2025,wet,23.5,93,53.8,47,99,90,44,0
1/15/2025,dry,14.3,56,30.5,0,0,0,0,61
8/4/2025,wet,5,18,34.2,6,94,27,34,0
4/21/2025,dry,21.5,86,29.9,0,0,0,0,42
6/19/2025,wet,11.2,45,41.1,5,47,56,20,0
3/1/2025,wet,25.2,99,55.8,59,35,5,9,0
1/5/2025,dry,2.3,8,27.1,0,0,0,0,43
7/11/2025,wet,16.7,66,46.7,67,27,94,46,0
3/12/2025,wet,21.4,84,50.6,29,79,91,38,0
5/17/2025,dry,10.9,44,28.2,0,0,0,0,69
6/30/2025,wet,18.7,73,52.5,69,87,69,95,0
2/17/2025,dry,5.8,23,32,0,0,0,0,87
7/5/2025,wet,13.2,52,45.3,87,24,7,97,0
3/25/2025,dry,3.6,13,28.4,0,0,0,0,63
8/9/2025,wet,27,93,57.7,98,24,65,80,0
1/28/2025,dry,9.7,36,29.4,0,0,0,0,26
4/14/2025,wet,8.9,34,38.6,51,92,47,62,0
5/23/2025,dry,15.6,61,31.3,0,0,0,0,1
3/18/2025,wet,18.3,66,45.7,62,61,49,69,0
7/20/2025,dry,11.6,40,33.4,0,0,0,0,51
2/5/2025,wet,14.7,58,42.5,94,28,48,85,0
6/22/2025,dry,10.2,29,30.2,0,0,0,0,49
4/5/2025,wet,22.9,79,49.8,71,31,10,1,0
5/30/2025,dry,7.7,30,31.6,0,0,0,0,18
1/18/2025,wet,16.5,59,37.9,44,36,6,77,0
6/10/2025,dry,14.3,51,34.6,0,0,0,0,73
4/20/2025,wet,19.4,66,42.1,31,43,92,74,0
7/15/2025,dry,7.1,27,30.8,0,0,0,0,6
2/8/2025,wet,12.7,48,40.5,57,78,48,6,0
5/27/2025,dry,18.9,71,32.1,0,0,0,0,94
4/3/2025,wet,20.5,82,47.6,55,68,86,82,0
1/29/2025,dry,6.2,19,29.5,0,0,0,0,82
6/14/2025,wet,24.1,91,54.2,68,68,32,72,0
3/11/2025,dry,9.8,33,30.9,0,0,0,0,42
7/21/2025,wet,15.4,62,43.7,71,64,22,24,0
2/16/2025,dry,12.1,41,31.4,0,0,0,0,17
4/19/2025,wet,26.8,96,56.1,75,37,68,94,0
8/7/2025,dry,8.5,25,28.7,0,0,0,0,22
3/9/2025,wet,19.6,74,46.9,29,93,93,19,0
6/24/2025,dry,13.5,47,32.7,0,0,0,0,62
2/13/2025,wet,22.8,88,51.4,24,45,15,4,0
5/26/2025,dry,7.9,31,29.1,0,0,0,0,12
3/30/2025,wet,17.3,68,44.6,43,43,86,63,0
7/6/2025,dry,11.7,40,30.7,0,0,0,0,70
4/2/2025,wet,23.9,94,55.5,35,67,78,3,0
5/18/2025,dry,5.4,16,28.5,0,0,0,0,72
1/25/2025,wet,21.2,83,50.1,8,73,34,59,0
8/12/2025,dry,9.1,29,31.2,0,0,0,0,72
2/4/2025,wet,16.8,63,42.3,4,27,32,23,0
6/28/2025,dry,10.4,37,30.1,0,0,0,0,76
3/7/2025,wet,25.6,97,56.7,32,43,59,36,0
7/19/2025,dry,8.2,27,29.9,0,0,0,0,0
4/22/2025,wet,20.1,76,48.8,90,40,31,48,0
5/15/2025,dry,12.6,42,32.5,0,0,0,0,95
1/11/2025,wet,18.7,69,45.1,59,35,64,54,0
8/3/2025,dry,6.9,21,28.8,0,0,0,0,4
6/17/2025,wet,23.4,90,53.6,64,6,33,11,0
4/8/2025,dry,9.5,34,31,0,0,0,0,60
2/14/2025,wet,19.9,78,49.3,77,57,92,72,0
7/21/2025,dry,11.2,38,31.8,0,0,0,0,23
3/9/2025,wet,24.5,92,54.7,69,62,29,88,0
5/27/2025,dry,7.6,24,29.4,0,0,0,0,61
4/5/2025,wet,22.1,85,52,54,31,88,53,0
6/30/2025,dry,13.4,45,33.2,0,0,0,0,68
1/18/2025,wet,17.7,70,46.5,83,43,79,56,0
8/12/2025,dry,9.3,32,30.5,0,0,0,0,24
3/23/2025,wet,26.2,95,57.4,15,64,42,98,0
2/16/2025,dry,8.7,28,29,0,0,0,0,40
3/6/2025,wet,21.4,81,50.7,63,3,76,3,0
6/25/2025,dry,12,41,32.6,0,0,0,0,41
4/2/2025,wet,23.7,89,53.2,33,56,26,31,0
7/14/2025,dry,9,30,30.3,0,0,0,0,53
2/11/2025,wet,20.8,77,49.9,8,25,71,43,0
5/29/2025,dry,10.8,36,31.7,0,0,0,0,94
8/7/2025,wet,25.2,94,56.4,20,83,35,10,0
1/19/2025,dry,7.3,22,29.1,0,0,0,0,92
3/28/2025,wet,18.6,72,45.6,52,56,90,66,0
6/9/2025,dry,13.1,46,33.5,0,0,0,0,10
2/15/2025,wet,22.3,84,51.5,18,76,6,3,0
6/30/2025,dry,11.5,39,32.2,0,0,0,0,18
4/4/2025,wet,24.8,91,54.1,99,75,17,36,0
7/21/2025,dry,8.8,29,30,0,0,0,0,68
3/13/2025,wet,19.2,75,47.2,13,43,95,48,0
5/17/2025,dry,12.9,44,33,0,0,0,0,47
8/5/2025,wet,26.5,96,57.9,56,69,91,27,0
1/22/2025,dry,7.1,23,28.9,0,0,0,0,77
4/9/2025,wet,21.7,80,50.2,13,65,3,78,0
6/27/2025,dry,10.2,35,31.4,0,0,0,0,86
3/18/2025,wet,23.1,86,52.4,25,79,90,73,0
7/12/2025,dry,9.7,31,30.8,0,0,0,0,11
2/25/2025,wet,20.6,78,48.6,79,0,80,94,0
6/3/2025,dry,13.8,48,33.8,0,0,0,0,86
1/28/2025,wet,24.2,93,55.1,80,77,12,62,0
5/14/2025,dry,8.4,26,29.6,0,0,0,0,76
4/7/2025,wet,19.8,73,46.2,43,6,90,25,0
8/20/2025,dry,11.1,37,31.9,0,0,0,0,22
2/11/2025,wet,25.7,97,57,59,60,83,27,0
6/16/2025,dry,6.7,20,28.3,0,0,0,0,76
3/5/2025,wet,21.4,79,49.5,89,91,7,16,0
7/22/2025,dry,12.9,44,32.7,0,0,0,0,98
1/9/2025,wet,18.6,65,42.9,12,46,53,70,0
6/14/2025,dry,7.5,27,29.1,0,0,0,0,19
4/27/2025,wet,23.8,92,54.8,42,11,69,32,0
5/19/2025,dry,10.6,39,31.8,0,0,0,0,26
8/2/2025,wet,15.9,58,44.3,41,25,51,93,0
9/6/2025,dry,8.2,33,30.5,0,0,0,0,83
3/30/2025,wet,22.9,87,51.6,98,53,98,98,0
10/11/2025,dry,9.9,36,32.4,0,0,0,0,1
4/8/2025,wet,19.5,71,47.8,21,90,77,75,0
9/23/2025,dry,11.4,42,33.2,0,0,0,0,41
2/17/2025,wet,24.7,90,56.4,18,87,86,92,0
5/29/2025,dry,7.1,25,29.4,0,0,0,0,87
11/12/2025,wet,16.2,60,43.7,77,0,15,20,0
6/5/2025,dry,13.6,49,32.9,0,0,0,0,5
7/20/2025,wet,21.9,83,50.8,11,87,74,35,0
3/15/2025,dry,6.9,23,28.7,0,0,0,0,82
8/1/2025,wet,18.8,68,45.6,30,33,75,49,0
10/27/2025,dry,12.5,46,31.7,0,0,0,0,26
2/9/2025,wet,20.6,77,49.9,95,84,95,20,0
8/18/2025,dry,7.7,29,30.6,0,0,0,0,68
4/25/2025,wet,23.3,88,53.9,62,59,92,59,0
5/6/2025,dry,10.9,40,32.1,0,0,0,0,84
9/11/2025,wet,15.8,62,44.1,8,13,92,85,0
2/28/2025,dry,13.2,47,33.5,0,0,0,0,97
7/4/2025,wet,22.1,84,51.4,0,1,68,86,0
3/13/2025,dry,9.4,34,30.2,0,0,0,0,3
8/30/2025,wet,19.7,72,46.8,16,91,90,59,0
12/17/2025,dry,11.7,44,31.6,0,0,0,0,56
1/7/2025,wet,21.2,80,50.3,96,95,28,75,0
9/19/2025,dry,8.6,32,30.8,0,0,0,0,37
5/24/2025,wet,25.4,95,57.6,94,88,21,23,0
8/10/2025,dry,12.8,46,33.1,0,0,0,0,65
4/3/2025,wet,18.5,66,43.5,90,89,67,21,0
11/14/2025,dry,6.4,22,29.2,0,0,0,0,44
6/28/2025,wet,23.9,89,55.2,4,46,97,28,0
2/21/2025,dry,10.7,39,32.4,0,0,0,0,99
7/9/2025,wet,17.3,63,45,56,48,88,71,0
10/30/2025,dry,11.9,48,31.8,0,0,0,0,82
3/6/2025,wet,20.7,78,49.2,16,24,26,82,0
8/18/2025,dry,8.8,34,30.9,0,0,0,0,45
4/22/2025,wet,23.5,90,54.1,30,78,10,70,0
9/15/2025,dry,11.6,45,32.3,0,0,0,0,81
5/9/2025,wet,17.4,62,43.9,50,65,1,88,0
11/4/2025,dry,7.3,26,29.7,0,0,0,0,69
7/28/2025,wet,25.2,94,57,21,20,53,65,0
10/13/2025,dry,13.7,52,33.8,0,0,0,0,90
6/19/2025,wet,21.6,81,50.7,41,83,73,40,0
2/5/2025,wet,22.8,83,51.9,43,47,86,28,0
8/16/2025,dry,9.5,35,30.6,0,0,0,0,92
3/27/2025,wet,24.6,91,56.2,71,50,20,20,0
9/8/2025,dry,13.3,50,33.6,0,0,0,0,86
5/2/2025,wet,19.9,70,45.7,31,80,8,85,0
12/20/2025,dry,7.1,27,29.4,0,0,0,0,46
7/14/2025,wet,26.1,96,58.1,13,40,12,71,0
10/25/2025,dry,12.2,43,31.5,0,0,0,0,19
6/11/2025,wet,18.2,67,44.6,90,51,57,96,0
1/29/2025,dry,10.4,38,32.7,0,0,0,0,74
2/7/2025,wet,19.1,69,46.2,23,28,12,16,0
9/21/2025,dry,9.9,36,31.1,0,0,0,0,9
4/12/2025,wet,22.6,85,52.9,79,47,23,59,0
8/3/2025,dry,11.3,44,32.5,0,0,0,0,37
5/18/2025,wet,16.5,61,44.7,67,84,89,75,0
11/25/2025,dry,7.8,28,29.8,0,0,0,0,24
6/30/2025,wet,24.4,92,56,88,71,76,88,0
10/14/2025,dry,12.7,49,34,0,0,0,0,12
7/5/2025,wet,20.3,76,48.6,52,57,47,24,0
12/19/2025,dry,10.5,40,31.8,0,0,0,0,91
1/8/2025,wet,21.7,82,51.5,9,32,94,5,0
9/27/2025,dry,8.2,30,30.4,0,0,0,0,63
4/16/2025,wet,23.9,89,54.7,36,52,18,1,0
8/11/2025,dry,12.1,46,32.9,0,0,0,0,38
6/2/2025,wet,17.8,64,45.2,49,19,78,0,0
11/22/2025,dry,9.4,34,30.7,0,0,0,0,72
7/14/2025,wet,25.6,95,57.9,13,40,98,17,0
10/6/2025,dry,13.5,51,34.4,0,0,0,0,38
3/20/2025,wet,19.3,71,47.4,46,34,71,33,0
12/28/2025,dry,11,42,31.5,0,0,0,0,87
2/13/2025,wet,20.9,77,49.8,81,3,1,56,0
9/24/2025,dry,9.1,33,30.6,0,0,0,0,34
4/18/2025,wet,22.8,86,52.2,56,59,68,54,0
8/7/2025,dry,12.4,47,33.2,0,0,0,0,90
6/4/2025,wet,16.9,62,44.3,70,6,37,33,0
11/26/2025,dry,8.6,31,29.9,0,0,0,0,52
7/10/2025,wet,24.1,91,55.3,68,79,40,12,0
10/17/2025,dry,13,49,34.6,0,0,0,0,33
5/1/2025,wet,18.4,68,46.1,79,28,12,88,0
12/21/2025,dry,10.8,41,31.7,0,0,0,0,87
3/9/2025,wet,21.4,80,50.9,18,38,11,72,0
9/29/2025,dry,8.9,32,30.5,0,0,0,0,30
4/20/2025,wet,23.2,88,53.6,28,71,8,18,0
8/13/2025,dry,11.7,45,32.8,0,0,0,0,24
6/6/2025,wet,19.7,72,47,91,55,66,36,0
11/30/2025,dry,7.6,27,29.3,0,0,0,0,26
7/12/2025,wet,25,94,57.4,1,54,74,6,0
10/19/2025,dry,12.9,50,34.2,0,0,0,0,62
5/3/2025,wet,18.9,66,45,14,37,0,15,0
12/23/2025,dry,10.3,39,31.9,0,0,0,0,93
1/15/2025,wet,22.3,84,52.4,31,52,98,34,0
9/5/2025,dry,9.7,35,31.2,0,0,0,0,75
3/25/2025,wet,24.8,93,56.5,56,93,73,11,0
7/17/2025,dry,13.2,51,33.9,0,0,0,0,77
5/8/2025,wet,20.6,75,48.3,93,91,78,44,0
12/1/2025,dry,8,29,29.6,0,0,0,0,7
6/19/2025,wet,26.3,97,58.7,46,81,24,69,0
10/27/2025,dry,11.1,43,32.1,0,0,0,0,32
4/11/2025,wet,19.5,70,46.7,13,55,31,85,0
8/31/2025,dry,10.6,40,31.4,0,0,0,0,61
2/4/2025,wet,21,79,50.1,43,7,67,33,0
9/22/2025,dry,9.3,34,30.8,0,0,0,0,36
4/14/2025,wet,23.7,90,55,56,87,34,44,0
8/9/2025,dry,12.6,48,33.4,0,0,0,0,26
6/1/2025,wet,18.7,67,45.6,39,45,45,42,0
11/18/2025,dry,8.4,31,30.1,0,0,0,0,54
7/15/2025,wet,25.4,95,57.6,87,59,30,12,0
10/3/2025,dry,13.8,53,34.8,0,0,0,0,42
3/28/2025,wet,20.2,74,48.1,35,2,6,0,0
12/7/2025,dry,11.5,42,32.2,0,0,0,0,61
1/19/2025,wet,22.1,83,52,20,31,41,19,0
9/28/2025,dry,10.2,37,31.5,0,0,0,0,64
5/6/2025,wet,24.5,92,56.1,54,2,36,2,0
8/20/2025,dry,12,44,32.7,0,0,0,0,82
7/2/2025,wet,19.2,71,46.4,29,14,45,20,0
11/12/2025,dry,7.9,28,29.5,0,0,0,0,92
6/23/2025,wet,25.9,96,58.2,41,78,25,61,0
10/30/2025,dry,13.1,50,34.3,0,0,0,0,4
4/15/2025,wet,20.8,77,49.3,10,71,27,36,0
12/9/2025,dry,11.2,41,32,0,0,0,0,77
3/11/2025,wet,21.9,81,51.2,83,36,93,12,0
9/7/2025,dry,9.8,36,31,0,0,0,0,36
5/27/2025,wet,23,87,53.1,71,89,26,33,0
8/5/2025,dry,12.9,49,33.7,0,0,0,0,25
6/16/2025,wet,18.1,65,45,30,45,26,94,0
11/24/2025,dry,8.7,32,30.3,0,0,0,0,3
7/18/2025,wet,26.5,98,59.1,69,74,12,52,0
10/26/2025,dry,13.9,52,34.9,0,0,0,0,30
4/4/2025,wet,20,73,47.8,13,2,20,61,0
12/14/2025,dry,10.9,40,31.6,0,0,0,0,75
2/2/2025,wet,22.7,85,52.7,17,84,64,86,0
9/10/2025,dry,9,33,30.9,0,0,0,0,7
5/21/2025,wet,24.2,91,55.6,32,55,56,65,0
8/30/2025,dry,12.3,47,33.1,0,0,0,0,44
6/8/2025,wet,19.6,72,46.8,95,50,6,11,0
11/28/2025,dry,7.5,27,29.2,0,0,0,0,47
7/17/2025,wet,25.7,97,58.4,16,15,25,4,0
10/5/2025,dry,13.4,51,34.5,0,0,0,0,68
4/12/2025,wet,20.4,76,48.9,63,30,88,27,0
12/19/2025,dry,11.4,43,32.3,0,0,0,0,52
2/7/2025,wet,18.5,69,45.1,8,54,14,42,0
9/23/2025,dry,10.8,40,31.6,0,0,0,0,67
6/14/2025,wet,21.9,83,52.4,81,56,99,69,0
12/29/2025,dry,9.5,36,30.2,0,0,0,0,71
4/16/2025,wet,24.8,92,56.3,87,22,60,3,0
8/5/2025,dry,12.7,49,34.1,0,0,0,0,93
7/2/2025,wet,17.2,66,44.5,28,79,82,87,0
10/18/2025,dry,8.9,32,29.6,0,0,0,0,86
5/22/2025,wet,19.9,74,47.7,65,81,12,67,0
11/11/2025,dry,14.3,55,35.2,0,0,0,0,44
3/6/2025,wet,23.3,88,53.5,34,26,53,38,0
8/21/2025,dry,11.9,46,33.8,0,0,0,0,31
7/9/2025,wet,15.8,61,42.7,58,93,34,38,0
11/30/2025,dry,7.6,29,30.1,0,0,0,0,14
4/25/2025,wet,20.6,79,49.1,57,68,97,46,0
9/13/2025,dry,13.6,52,34.7,0,0,0,0,29
5/18/2025,wet,22.1,84,51.6,66,31,65,89,0
12/4/2025,dry,8.2,31,29.4,0,0,0,0,79
6/27/2025,wet,19.5,70,47.9,27,83,40,93,0
10/15/2025,dry,12.4,44,32.9,0,0,0,0,82
4/8/2025,wet,21.4,82,50.7,66,97,5,22,0
9/19/2025,dry,10.6,42,31.5,0,0,0,0,26
7/12/2025,wet,18.2,68,46.4,83,5,63,44,0
11/3/2025,dry,9.7,36,30.8,0,0,0,0,6
5/27/2025,wet,23.9,90,54.2,83,21,3,38,0
8/14/2025,dry,11.5,48,33.2,0,0,0,0,4
6/22/2025,wet,16.7,64,43.6,98,66,29,54,0
12/7/2025,dry,8.8,34,29.9,0,0,0,0,15
3/30/2025,wet,25.5,96,57.1,33,77,98,83,0
10/17/2025,dry,13.2,50,34.8,0,0,0,0,32
5/5/2025,wet,22.8,85,52.1,64,31,73,75,0
9/25/2025,dry,9.4,37,31,0,0,0,0,90
7/18/2025,wet,20.7,77,48.8,91,8,86,77,0
11/11/2025,dry,12.6,45,32.6,0,0,0,0,48
6/2/2025,wet,24.4,91,55.3,64,16,99,33,0
8/29/2025,dry,7.9,30,29.7,0,0,0,0,76
4/14/2025,wet,19.1,71,45.9,92,11,72,23,0
12/9/2025,dry,10.3,41,31.8,0,0,0,0,89
5/26/2025,wet,23.6,89,53.4,63,92,86,86,0
10/21/2025,dry,11.7,46,33.4,0,0,0,0,55
3/7/2025,wet,21.9,83,51.4,68,9,94,58,0
9/16/2025,dry,12.8,47,34.2,0,0,0,0,93
6/11/2025,wet,17.3,66,44.7,24,59,64,91,0
12/28/2025,dry,8.6,32,29.5,0,0,0,0,7
4/19/2025,wet,24.1,92,56.2,40,12,53,86,0
8/23/2025,dry,10.9,43,32.5,0,0,0,0,62
7/15/2025,wet,18.7,70,46.9,5,32,82,77,0
11/4/2025,dry,13.7,52,35.4,0,0,0,0,67
5/30/2025,wet,22.2,86,53.8,47,69,53,70,0
10/12/2025,dry,9.1,35,30.6,0,0,0,0,58
5/13/2025,wet,23.5,90,55.7,0,93,84,5,0
12/10/2025,wet,20.3,79,50,49,51,58,51,0
1/15/2026,wet,17.5,68,46.5,49,51,58,51,0
2/20/2026,wet,23.1,88,54,49,51,58,51,0
3/28/2026,wet,15.2,60,43.4,49,51,58,51,0
5/3/2026,wet,18.9,73,48.4,49,51,58,51,0
6/8/2026,wet,21.7,83,51.9,49,51,58,51,0
7/14/2026,wet,16.3,64,44.7,49,51,58,51,0
8/19/2026,wet,24.5,93,56,49,51,58,51,0
9/24/2026,wet,19.8,77,49.7,49,51,58,51,0
10/30/2026,wet,14.7,58,42.6,49,51,58,51,0
12/5/2026,wet,22.6,86,53.2,49,51,58,51,0
1/10/2027,wet,17,66,45.8,49,51,58,51,0
2/15/2027,wet,20.9,81,50.8,49,51,58,51,0
3/23/2027,wet,18.2,71,47.6,49,51,58,51,0
4/28/2027,wet,23.9,91,55.2,49,51,58,51,0
12/11/2025,dry,9.9,38,31.5,0,0,0,0,51
1/20/2026,dry,10.5,40,31.9,0,0,0,0,51
2/25/2026,dry,9.3,36,31,0,0,0,0,51
4/2/2026,dry,11.2,43,32.5,0,0,0,0,51
5/8/2026,dry,8.7,34,30.5,0,0,0,0,51
6/13/2026,dry,12,46,33.1,0,0,0,0,51
7/19/2026,dry,10.8,41,32.1,0,0,0,0,51
8/24/2026,dry,9,35,30.7,0,0,0,0,51
9/29/2026,dry,11.7,45,32.9,0,0,0,0,51
11/4/2026,dry,8.4,33,30.3,0,0,0,0,51
12/10/2026,dry,12.3,47,33.3,0,0,0,0,51
1/15/2027,dry,9.6,37,31.2,0,0,0,0,51
2/20/2027,dry,11.5,44,32.7,0,0,0,0,51
3/28/2027,dry,10.2,39,31.7,0,0,0,0,51
5/3/2027,dry,8.1,32,30,0,0,0,0,51
12/12/2025,wet,21.2,82,51.2,49,51,58,51,0
1/17/2026,wet,16.8,65,45.6,49,51,58,51,0
2/22/2026,wet,23.6,90,54.7,49,51,58,51,0
3/30/2026,wet,15.7,62,43.9,49,51,58,51,0
5/5/2026,wet,19.4,75,49.1,49,51,58,51,0
6/10/2026,wet,22.2,85,52.6,49,51,58,51,0
7/16/2026,wet,16,63,44.3,49,51,58,51,0
8/21/2026,wet,25,95,56.7,49,51,58,51,0
9/26/2026,wet,20.3,79,50,49,51,58,51,0
11/1/2026,wet,14.2,56,42,49,51,58,51,0
12/7/2026,wet,23.1,88,54,49,51,58,51,0
1/12/2027,wet,17.8,69,47,49,51,58,51,0
2/17/2027,wet,21.4,82,51.5,49,51,58,51,0
3/25/2027,wet,18.7,72,48.1,49,51,58,51,0
4/30/2027,wet,24.4,93,55.8,49,51,58,51,0
12/13/2025,dry,10.4,40,31.8,0,0,0,0,51
1/22/2026,dry,11,42,32.3,0,0,0,0,51
2/27/2026,dry,9.8,38,31.4,0,0,0,0,51
4/4/2026,dry,11.8,45,32.9,0,0,0,0,51
5/10/2026,dry,8.2,32,30.1,0,0,0,0,51
6/15/2026,dry,12.5,48,33.5,0,0,0,0,51
7/21/2026,dry,11.3,43,32.5,0,0,0,0,51
8/26/2026,dry,9.5,37,31.1,0,0,0,0,51
10/1/2026,dry,12.2,47,33.2,0,0,0,0,51
11/6/2026,dry,8.9,35,30.6,0,0,0,0,51
12/12/2026,dry,12.8,49,33.7,0,0,0,0,51
1/17/2027,dry,9.1,35,30.8,0,0,0,0,51
2/22/2027,dry,12,46,33.1,0,0,0,0,51
4/1/2027,dry,10.7,41,32.1,0,0,0,0,51
5/5/2027,dry,8.6,34,30.4,0,0,0,0,51
12/14/2025,wet,21.8,84,52.1,49,51,58,51,0
1/19/2026,wet,16.2,63,44.6,49,51,58,51,0
2/24/2026,wet,24.2,92,55.6,49,51,58,51,0
4/1/2026,wet,15.1,59,43.1,49,51,58,51,0
5/7/2026,wet,19.9,77,49.5,49,51,58,51,0
6/12/2026,wet,22.7,87,53.4,49,51,58,51,0
7/18/2026,wet,16.5,65,45.1,49,51,58,51,0
8/23/2026,wet,25.5,96,57.4,49,51,58,51,0
9/28/2026,wet,20.8,81,50.6,49,51,58,51,0
11/3/2026,wet,14.5,57,42.4,49,51,58,51,0
12/9/2026,wet,23.6,90,54.7,49,51,58,51,0
1/14/2027,wet,17.3,67,46.3,49,51,58,51,0
2/19/2027,wet,21.9,84,52.2,49,51,58,51,0
3/27/2027,wet,19.2,74,48.8,49,51,58,51,0
5/2/2027,wet,24.9,95,56.5,49,51,58,51,0
12/15/2025,dry,10.9,42,32.2,0,0,0,0,51
1/24/2026,dry,11.6,45,32.8,0,0,0,0,51
3/1/2026,dry,9.2,36,30.9,0,0,0,0,51
4/6/2026,dry,12.4,48,33.4,0,0,0,0,51
5/12/2026,dry,8,31,29.9,0,0,0,0,51
6/17/2026,dry,13,50,33.9,0,0,0,0,51
7/23/2026,dry,11.8,45,32.9,0,0,0,0,51
8/28/2026,dry,9.9,38,31.5,0,0,0,0,51
10/3/2026,dry,12.7,49,33.6,0,0,0,0,51
11/8/2026,dry,8.5,33,30.3,0,0,0,0,51
12/14/2026,dry,13.3,51,34.1,0,0,0,0,51
1/19/2027,dry,9.4,36,31,0,0,0,0,51
2/24/2027,dry,12.5,48,33.5,0,0,0,0,51
4/3/2027,dry,11.2,43,32.4,0,0,0,0,51
5/7/2027,dry,8.3,33,30.2,0,0,0,0,51
12/10/2025,wet,22.5,86,52.8,71,49,53,63,0
1/16/2026,wet,16.5,65,45.5,39,61,45,59,0
2/21/2026,wet,24.1,91,55.2,58,32,78,41,0
3/29/2026,wet,15.1,59,43.6,88,58,31,77,0
5/4/2026,wet,19.7,76,49.2,25,75,61,29,0
6/9/2026,wet,22.8,87,53.2,45,18,88,54,0
7/15/2026,wet,16,63,44.6,77,43,25,91,0
8/20/2026,wet,25.3,95,56.9,31,89,55,15,0
9/25/2026,wet,20.6,80,50.2,63,27,71,49,0
10/31/2026,wet,14.6,57,42.8,95,51,19,83,0
12/6/2026,wet,23.5,89,54.5,41,71,68,22,0
1/11/2027,wet,17.8,69,46.8,72,39,33,88,0
2/16/2027,wet,21.9,84,52,29,81,59,31,0
3/24/2027,wet,18.9,73,48.2,55,24,81,44,0
4/29/2027,wet,24.8,93,56.2,37,65,75,18,0
12/11/2025,dry,10.1,39,31.5,0,0,0,0,48
1/21/2026,dry,10.7,41,32,0,0,0,0,58
2/26/2026,dry,9.5,37,31,0,0,0,0,39
4/3/2026,dry,11.4,44,32.5,0,0,0,0,65
5/9/2026,dry,8.9,35,30.5,0,0,0,0,28
6/14/2026,dry,12.2,47,33.1,0,0,0,0,72
7/20/2026,dry,11,42,32.1,0,0,0,0,45
8/25/2026,dry,9.2,36,30.7,0,0,0,0,31
9/30/2026,dry,11.9,46,32.9,0,0,0,0,69
11/5/2026,dry,8.6,34,30.3,0,0,0,0,21
12/11/2026,dry,12.5,48,33.3,0,0,0,0,78
1/16/2027,dry,9.8,38,31.2,0,0,0,0,35
2/21/2027,dry,11.7,45,32.7,0,0,0,0,61
3/29/2027,dry,10.4,40,31.7,0,0,0,0,42
5/4/2027,dry,8.3,33,30,0,0,0,0,25
12/12/2025,wet,21.1,82,51,68,45,59,67,0
1/18/2026,wet,16.6,65,45.3,35,68,39,55,0
2/23/2026,wet,23.3,89,54.2,54,29,83,37,0
3/31/2026,wet,15.5,61,43.6,85,55,35,81,0
5/6/2026,wet,19.2,74,48.7,21,79,65,25,0
6/11/2026,wet,22,84,52.3,42,15,92,50,0
7/17/2026,wet,15.8,62,44.1,74,40,29,95,0
8/22/2026,wet,24.7,93,56,28,93,50,11,0
9/27/2026,wet,20.1,78,49.7,60,23,75,45,0
11/2/2026,wet,14,55,41.8,92,48,22,87,0
12/8/2026,wet,22.9,87,53.7,38,75,72,18,0
1/13/2027,wet,17.6,68,46.6,69,35,37,92,0
2/18/2027,wet,21.2,82,51.2,25,85,54,27,0
3/26/2027,wet,18.5,72,47.8,51,20,86,40,0
5/1/2027,wet,24.2,92,55.5,33,69,79,14,0
12/13/2025,dry,10.2,39,31.6,0,0,0,0,50
1/23/2026,dry,10.8,42,32.1,0,0,0,0,60
2/28/2026,dry,9.6,37,31.1,0,0,0,0,41
4/5/2026,dry,11.6,45,32.6,0,0,0,0,67
5/11/2026,dry,8,31,29.9,0,0,0,0,30
6/16/2026,dry,12.3,47,33.2,0,0,0,0,74
7/22/2026,dry,11.1,43,32.2,0,0,0,0,47
8/27/2026,dry,9.3,36,30.8,0,0,0,0,33
10/2/2026,dry,12,46,33,0,0,0,0,71
11/7/2026,dry,8.7,34,30.4,0,0,0,0,23
12/13/2026,dry,12.6,49,33.4,0,0,0,0,80
1/18/2027,dry,8.9,35,30.6,0,0,0,0,37
2/23/2027,dry,11.8,46,32.8,0,0,0,0,63
4/2/2027,dry,10.5,41,31.8,0,0,0,0,44
5/6/2027,dry,8.4,33,30.1,0,0,0,0,27
6/11/2027,dry,11,43,32,0,0,0,0,46
7/17/2027,dry,9.1,36,30.9,0,0,0,0,32
8/22/2027,dry,12.4,48,33.3,0,0,0,0,75
9/27/2027,dry,8.2,32,29.8,0,0,0,0,29
11/2/2027,dry,10.7,41,31.7,0,0,0,0,52
12/8/2027,dry,9.9,39,31.2,0,0,0,0,41
1/13/2028,dry,11.3,44,32.1,0,0,0,0,62
2/18/2028,dry,8.8,34,30.3,0,0,0,0,26
3/26/2028,dry,12.1,46,33,0,0,0,0,68
5/1/2028,dry,9.4,38,31,0,0,0,0,39
6/6/2028,dry,11.7,45,32.5,0,0,0,0,59
7/12/2028,dry,8.1,31,29.7,0,0,0,0,28
8/17/2028,dry,10.9,42,31.9,0,0,0,0,53
9/22/2028,dry,9.7,38,31.1,0,0,0,0,37
10/28/2028,dry,12.5,47,33.4,0,0,0,0,73
12/3/2028,dry,8.5,33,30,0,0,0,0,30
1/8/2029,dry,11.2,44,32.2,0,0,0,0,61
2/13/2029,dry,9,35,30.5,0,0,0,0,34
3/20/2029,dry,12.3,46,33.1,0,0,0,0,66
4/25/2029,dry,8.6,33,30.2,0,0,0,0,31
6/1/2029,dry,11.6,45,32.6,0,0,0,0,58
7/7/2029,dry,9.3,37,31,0,0,0,0,39
8/12/2029,dry,10.8,43,32.3,0,0,0,0,55
9/17/2029,dry,8.7,34,30.4,0,0,0,0,29
10/23/2029,dry,11.9,46,33,0,0,0,0,67
11/28/2029,dry,9.2,36,30.8,0,0,0,0,34
1/3/2029,dry,10.6,41,31.7,0,0,0,0,49
2/8/2030,dry,8.4,32,29.9,0,0,0,0,26
3/15/2030,dry,12,47,33.3,0,0,0,0,70
4/20/2030,dry,9.5,38,31.2,0,0,0,0,36
5/12/2025,wet,19.8,78,49.1,97,59,27,93,0
2/3/2025,dry,7.2,27,28.4,0,0,0,0,65
7/28/2025,wet,23.5,93,53.8,31,20,44,69,0
1/15/2025,dry,14.1,55,30.1,0,0,0,0,83
8/4/2025,wet,4.6,17,33.9,88,54,41,63,0
4/21/2025,dry,20.9,85,29.5,0,0,0,0,73
6/19/2025,wet,11.2,44,40.8,11,98,84,64,0
1/5/2025,dry,2.1,7,26.7,0,0,0,0,45
3/1/2025,wet,24.9,98,55.4,11,15,98,72,0
5/17/2025,dry,10.6,43,27.8,0,0,0,0,55
2/12/2025,wet,9.3,36,31.4,47,63,25,35,0
3/24/2025,dry,16.8,64,29.9,0,0,0,0,50
4/10/2025,wet,21.7,82,47.5,52,41,38,55,0
5/27/2025,dry,5.9,22,26.4,0,0,0,0,61
6/15/2025,wet,13.6,54,39.2,77,24,67,81,0
7/8/2025,dry,18.4,73,30.7,0,0,0,0,49
8/20/2025,wet,7.5,29,35.8,92,36,52,46,0
9/3/2025,dry,12.9,51,27.6,0,0,0,0,70
10/11/2025,wet,26.1,99,56.3,64,59,80,78,0
11/29/2025,dry,15.2,60,28.5,0,0,0,0,58
12/6/2025,wet,8.7,34,37.1,58,49,36,52,0
12/15/2025,dry,17.5,68,29.3,0,0,0,0,54
12/22/2025,wet,20.2,80,45.7,73,32,61,70,0
1/3/2026,dry,11.9,47,26.5,0,0,0,0,62
1/18/2026,wet,14.6,58,41.3,85,21,55,67,0
1/27/2026,dry,6.8,26,28.7,0,0,0,0,48
2/9/2026,wet,25.3,95,54.2,96,62,83,90,0
2/21/2026,dry,19.1,75,30.9,0,0,0,0,59
3/5/2026,wet,10.4,40,34.5,68,47,42,58,0
3/16/2026,dry,22.7,88,29.6,0,0,0,0,64
1/16/2025,dry,5.8,23,28.9,0,0,0,0,80
3/28/2025,wet,20.3,79,49.8,16,9,27,50,0
10/21/2025,dry,13.9,62,29.7,0,0,0,0,14
5/30/2025,wet,19.4,77,48.7,67,46,44,4,0
11/15/2025,dry,9.2,38,33.0,0,0,0,0,14
9/10/2025,wet,22.7,76,48.4,39,74,17,39,0
3/9/2025,dry,5.8,24,28.5,0,0,0,0,68
12/5/2025,wet,17.6,67,54.3,56,32,51,27,0
7/19/2025,dry,12.3,50,36.8,0,0,0,0,33
1/14/2025,wet,16.3,63,50.0,44,30,29,27,0
8/12/2025,dry,10.1,40,31.1,0,0,0,0,13
6/1/2025,wet,25.1,88,55.0,56,25,97,53,0
2/7/2025,dry,8.3,27,28.1,0,0,0,0,53
2/23/2025,wet,20.5,80,47.2,48,75,62,88,0
7/29/2025,dry,11.8,49,32.5,0,0,0,0,54
11/4/2025,wet,19.2,58,35.6,15,16,59,72,0
3/19/2025,dry,6.7,18,29.8,0,0,0,0,74
6/16/2025,wet,14.5,42,31.2,43,82,29,93,0
4/3/2025,dry,10.2,33,30.4,0,0,0,0,29
5/4/2025,wet,22.3,65,45.9,87,91,23,93,0
12/14/2025,dry,7.4,26,31.3,0,0,0,0,19
9/25/2025,wet,17.1,55,49.3,81,27,9,69,0
11/16/2025,dry,9.1,37,30.7,0,0,0,0,6
8/22/2025,wet,23.4,74,46.7,30,2,55,85,0
6/11/2025,dry,13.3,52,34.1,0,0,0,0,74
10/2/2025,wet,25.7,89,53.2,17,30,76,16,0
2/26/2025,dry,5.2,21,32.2,0,0,0,0,41
1/17/2025,wet,16.4,61,41.5,55,53,41,54,0
4/22/2025,dry,12.5,51,29.5,0,0,0,0,99
7/19/2025,wet,11.7,46,43.3,26,70,57,99,0
12/6/2025,dry,8.0,30,32.8,0,0,0,0,93
8/4/2025,wet,18.8,68,44.0,65,65,11,93,0
7/28/2025,dry,14.2,56,30.1,0,0,0,0,65
9/30/2025,wet,22.0,79,47.1,0,9,16,14,0
8/23/2025,dry,7.6,29,33.2,0,0,0,0,64
3/2/2025,wet,19.4,72,49.6,71,80,19,58,0
6/3/2025,dry,9.3,37,31.9,0,0,0,0,6
2/5/2025,wet,10.9,42,34.3,91,39,77,78,0
1/12/2025,dry,5.8,22,30.8,0,0,0,0,28
5/10/2025,wet,13.1,52,45.7,15,44,92,83,0
10/15/2025,dry,11.0,43,32.0,0,0,0,0,53
4/9/2025,wet,24.0,85,52.3,54,55,96,67,0
6/21/2025,dry,8.5,34,30.0,0,0,0,0,21
11/20/2025,wet,16.7,63,44.5,71,8,73,32,0
9/6/2025,dry,14.9,60,32.7,0,0,0,0,99
3/18/2025,wet,22.3,78,48.7,7,9,58,26,0
8/13/2025,dry,13.1,51,29.3,0,0,0,0,60
4/11/2025,wet,15.4,58,42.8,76,37,28,6,0
1/19/2025,dry,6.3,24,31.1,0,0,0,0,99
2/25/2025,wet,17.2,66,36.4,72,19,1,49,0
10/2/2025,dry,11.5,45,34.5,0,0,0,0,60
7/2/2025,wet,19.7,75,53.2,58,4,52,42,0
10/9/2025,wet,26.1,96,58.0,30,80,96,82,0
10/9/2025,dry,14.8,55,34.7,0,0,0,0,88
10/10/2025,wet,19.0,72,46.5,84,54,23,5,0
10/10/2025,dry,9.5,36,30.9,0,0,0,0,51
10/11/2025,wet,22.8,87,51.8,47,21,48,30,0
10/11/2025,dry,11.8,45,32.6,0,0,0,0,39
10/9/2025,wet,26.1,96,58.0,30,80,96,82,0
10/12/2025,wet,25.6,94,56.7,15,92,72,61,0
10/12/2025,dry,13.5,52,34.2,0,0,0,0,84
10/13/2025,wet,18.4,69,45.4,69,40,11,85,0
10/13/2025,dry,10.2,38,31.8,0,0,0,0,58
10/14/2025,wet,21.7,83,50.1,28,78,56,19,0
10/14/2025,dry,12.9,49,33.7,0,0,0,0,72
10/15/2025,wet,24.9,91,55.8,82,12,80,46,0
10/15/2025,dry,14.7,56,34.5,0,0,0,0,11
10/16/2025,wet,17.2,65,45.0,41,65,24,70,0
10/16/2025,dry,9.1,35,30.3,0,0,0,0,29
10/17/2025,wet,20.3,78,49.3,95,33,49,94,0
10/17/2025,dry,11.4,43,32.1,0,0,0,0,67
10/18/2025,wet,26.1,96,58.2,60,94,76,21,0
10/18/2025,dry,13.2,50,33.9,0,0,0,0,25
10/19/2025,wet,19.0,72,46.5,23,45,15,48,0
10/19/2025,dry,14.9,56,34.8,0,0,0,0,32
10/20/2025,wet,22.8,87,51.7,77,21,38,13,0
10/20/2025,dry,10.5,40,31.7,0,0,0,0,90
10/21/2025,wet,25.6,94,56.7,46,73,62,56,0
10/21/2025,dry,12.7,48,33.4,0,0,0,0,52
10/22/2025,wet,18.4,69,45.4,14,90,89,7,0
10/22/2025,dry,14.5,55,34.6,0,0,0,0,67
10/23/2025,wet,21.7,83,50.1,68,26,17,30,0
10/23/2025,dry,9.7,36,30.5,0,0,0,0,25
10/24/2025,wet,24.9,91,55.8,32,59,40,54,0
10/24/2025,dry,11.8,45,32.8,0,0,0,0,3
10/25/2025,wet,17.6,67,45.1,89,81,65,77,0
10/25/2025,dry,13.5,51,34.0,0,0,0,0,30
10/26/2025,wet,20.3,78,49.4,57,18,90,21,0
10/26/2025,dry,10.2,38,31.7,0,0,0,0,24
10/27/2025,wet,26.1,96,58.0,26,67,10,48,0
10/27/2025,dry,12.0,46,33.2,0,0,0,0,26
10/28/2025,wet,19.0,72,46.5,80,31,35,73,0
10/28/2025,dry,14.1,53,34.8,0,0,0,0,61
10/29/2025,wet,22.8,87,51.8,43,90,58,9,0
10/29/2025,dry,9.6,36,30.5,0,0,0,0,48
10/30/2025,wet,25.6,94,56.7,11,4,82,34,0
10/30/2025,dry,11.4,43,32.7,0,0,0,0,76
10/31/2025,wet,18.4,69,45.4,65,75,15,58,0
10/31/2025,dry,13.2,50,33.9,0,0,0,0,89
11/1/2025,wet,21.7,83,50.1,34,23,67,85,0
11/1/2025,dry,10.7,40,31.9,0,0,0,0,55
11/2/2025,wet,24.9,91,55.8,91,50,92,19,0
11/2/2025,dry,12.5,47,33.3,0,0,0,0,91
11/3/2025,wet,17.6,67,45.1,59,88,11,46,0
11/3/2025,dry,14.7,56,34.7,0,0,0,0,67
11/4/2025,wet,20.3,78,49.4,28,16,36,70,0
11/4/2025,dry,9.4,36,30.6,0,0,0,0,25
11/5/2025,wet,26.1,96,58.0,83,61,61,94,0
11/5/2025,dry,11.2,42,32.4,0,0,0,0,32
11/6/2025,wet,19.0,72,46.5,50,30,88,21,0
11/6/2025,dry,13.9,52,34.0,0,0,0,0,44
11/7/2025,wet,22.8,87,51.8,19,94,25,48,0
11/7/2025,dry,10.6,40,31.7,0,0,0,0,15
11/8/2025,wet,25.6,94,56.7,73,23,50,73,0
11/8/2025,dry,12.3,47,33.1,0,0,0,0,32
11/9/2025,wet,18.4,69,45.4,42,78,74,9,0
11/9/2025,dry,14.9,56,34.5,0,0,0,0,90
11/10/2025,wet,21.7,83,50.1,96,50,11,36,0
11/10/2025,dry,9.8,37,31.0,0,0,0,0,75
11/11/2025,wet,24.9,91,55.8,64,15,35,61,0
11/11/2025,dry,11.5,43,32.8,0,0,0,0,46
11/12/2025,wet,17.2,65,45.0,33,71,59,88,0
11/12/2025,dry,13.2,50,33.9,0,0,0,0,19
11/13/2025,wet,20.3,78,49.3,87,46,82,19,0
11/13/2025,dry,10.5,40,31.5,0,0,0,0,68
11/14/2025,wet,26.1,96,58.2,55,10,19,46,0
11/14/2025,dry,12.7,48,33.2,0,0,0,0,86
11/15/2025,wet,19.0,72,46.5,24,68,44,70,0
11/15/2025,dry,14.5,55,34.6,0,0,0,0,41
11/16/2025,wet,22.8,87,51.7,78,35,70,11,0
11/16/2025,dry,9.7,36,30.5,0,0,0,0,67
11/17/2025,wet,25.6,94,56.7,41,92,27,34,0
11/17/2025,dry,11.4,43,32.7,0,0,0,0,25
11/18/2025,wet,18.4,69,45.4,12,18,52,58,0
11/18/2025,dry,13.2,50,34.0,0,0,0,0,32
11/19/2025,wet,21.7,83,50.1,66,54,78,85,0
11/19/2025,dry,10.7,40,31.9,0,0,0,0,44
11/20/2025,wet,24.9,91,55.8,35,11,15,19,0
11/20/2025,dry,12.5,48,33.5,0,0,0,0,15
11/21/2025,wet,17.6,67,45.1,90,68,40,46,0
11/21/2025,dry,14.3,54,34.9,0,0,0,0,3
11/22/2025,wet,20.3,78,49.4,58,26,65,70,0
11/22/2025,dry,9.1,35,30.2,0,0,0,0,30
11/23/2025,wet,26.1,96,58.0,27,71,90,13,0
11/23/2025,dry,11.9,45,33.0,0,0,0,0,24
11/24/2025,wet,19.0,72,46.5,82,48,28,40,0
11/24/2025,dry,13.8,52,34.6,0,0,0,0,26
11/25/2025,wet,22.8,87,51.7,49,15,52,65,0
11/25/2025,dry,10.5,40,31.8,0,0,0,0,61
11/26/2025,wet,25.6,94,56.7,13,62,76,89,0
11/26/2025,dry,12.7,48,33.4,0,0,0,0,48
11/27/2025,wet,18.4,69,45.4,67,31,11,21,0
11/27/2025,dry,14.5,55,34.8,0,0,0,0,76
11/28/2025,wet,21.7,83,50.1,36,89,36,48,0
11/28/2025,dry,9.7,36,30.7,0,0,0,0,89
11/29/2025,wet,24.9,91,55.8,91,4,61,73,0
11/29/2025,dry,11.2,42,32.5,0,0,0,0,55
11/30/2025,wet,17.2,65,45.0,58,68,88,9,0
11/30/2025,dry,13.9,52,34.1,0,0,0,0,91
12/1/2025,wet,20.3,78,49.3,27,90,15,34,0
12/1/2025,dry,10.6,40,31.9,0,0,0,0,67
12/2/2025,wet,26.1,96,58.2,80,26,40,58,0
12/2/2025,dry,12.3,47,33.5,0,0,0,0,25
12/3/2025,wet,19.0,72,46.5,45,71,65,85,0
12/3/2025,dry,14.7,56,34.9,0,0,0,0,32
12/4/2025,wet,22.8,87,51.7,14,48,90,19,0
12/4/2025,dry,9.5,36,30.8,0,0,0,0,44
12/5/2025,wet,25.6,94,56.7,68,16,28,46,0
12/5/2025,dry,11.8,45,32.7,0,0,0,0,15
12/6/2025,wet,18.4,69,45.4,37,62,52,70,0
12/6/2025,dry,13.6,51,34.0,0,0,0,0,3
12/7/2025,wet,21.7,83,50.1,92,30,76,94,0
12/7/2025,dry,10.2,38,31.7,0,0,0,0,30
12/8/2025,wet,24.9,91,55.8,59,85,11,21,0
12/8/2025,dry,12.9,49,33.4,0,0,0,0,24
12/9/2025,wet,17.6,67,45.1,28,4,35,48,0
12/9/2025,dry,14.9,56,34.7,0,0,0,0,26
12/10/2025,wet,20.3,78,49.4,85,61,61,73,0
12/10/2025,dry,9.8,37,31.0,0,0,0,0,61
12/11/2025,wet,26.1,96,58.0,54,36,88,9,0
12/11/2025,dry,11.5,43,32.8,0,0,0,0,89
12/12/2025,wet,19.0,72,46.5,23,93,12,34,0
12/12/2025,dry,13.2,50,33.9,0,0,0,0,55
12/13/2025,wet,22.8,87,51.7,77,20,56,58,0
12/13/2025,dry,10.5,40,31.5,0,0,0,0,92
12/14/2025,wet,25.6,94,56.7,46,68,90,85,0
12/14/2025,dry,12.7,48,33.2,0,0,0,0,41
12/15/2025,wet,18.4,69,45.4,15,55,28,19,0
12/15/2025,dry,14.5,55,34.6,0,0,0,0,67
12/16/2025,wet,21.7,83,50.1,69,11,52,46,0
12/16/2025,dry,9.4,36,30.7,0,0,0,0,25
12/17/2025,wet,24.9,91,55.8,38,71,76,70,0
12/17/2025,dry,11.8,45,32.7,0,0,0,0,3
12/18/2025,wet,17.6,67,45.1,94,40,11,94,0
12/18/2025,dry,13.6,51,34.0,0,0,0,0,30
12/19/2025,wet,20.3,78,49.4,56,86,35,21,0
12/19/2025,dry,10.2,38,31.7,0,0,0,0,24
12/20/2025,wet,26.1,96,58.0,24,14,61,48,0
12/20/2025,dry,12.9,49,33.4,0,0,0,0,26
12/21/2025,wet,19.0,72,46.5,78,60,88,73,0
12/21/2025,dry,14.9,56,34.7,0,0,0,0,61
12/22/2025,wet,22.8,87,51.7,47,28,12,9,0
12/22/2025,dry,9.8,37,31.0,0,0,0,0,89
12/23/2025,wet,25.6,94,56.7,16,91,36,36,0
12/23/2025,dry,11.5,43,32.8,0,0,0,0,55
12/24/2025,wet,18.4,69,45.4,71,51,61,61,0
12/24/2025,dry,13.2,50,33.9,0,0,0,0,91
12/25/2025,wet,21.7,83,50.1,39,10,88,88,0
12/25/2025,dry,10.5,40,31.5,0,0,0,0,67
12/26/2025,wet,24.9,91,55.8,93,66,15,19,0
12/26/2025,dry,12.7,48,33.2,0,0,0,0,25
12/27/2025,wet,17.2,65,45.0,62,25,40,46,0
12/27/2025,dry,14.5,55,34.6,0,0,0,0,32
12/28/2025,wet,20.3,78,49.3,31,79,65,70,0
12/28/2025,dry,9.4,36,30.7,0,0,0,0,44
12/29/2025,wet,26.1,96,58.2,89,52,90,94,0
12/29/2025,dry,11.8,45,32.7,0,0,0,0,15
12/30/2025,wet,19.0,72,46.5,58,19,28,21,0
12/30/2025,dry,13.6,51,34.0,0,0,0,0,3
12/31/2025,wet,22.8,87,51.7,27,85,52,48,0
12/31/2025,dry,10.2,38,31.7,0,0,0,0,30
10/9/2025,wet,26.1,96,58.0,30,80,96,82,0
10/9/2025,dry,14.8,55,34.7,0,0,0,0,88
10/10/2025,wet,19.0,72,46.5,84,54,23,5,0
10/10/2025,dry,9.5,36,30.9,0,0,0,0,51
10/11/2025,wet,22.8,87,51.8,47,21,48,30,0
10/11/2025,dry,12.4,47,33.5,0,0,0,0,60
10/12/2025,wet,25.6,94,56.7,60,97,42,77,0
10/12/2025,dry,10.1,39,31.6,0,0,0,0,35
10/13/2025,wet,18.4,69,45.4,96,33,87,25,0
10/13/2025,dry,11.3,42,32.5,0,0,0,0,42
10/14/2025,wet,21.7,83,50.1,53,70,25,60,0
10/14/2025,dry,13.5,50,33.8,0,0,0,0,55
10/15/2025,wet,17.6,67,45.1,41,62,79,82,0
10/15/2025,dry,10.9,41,32.1,0,0,0,0,38
10/16/2025,wet,20.3,78,49.4,87,24,54,90,0
10/16/2025,dry,14.2,53,34.5,0,0,0,0,47
10/17/2025,wet,24.1,90,54.2,66,11,36,44,0
10/17/2025,dry,9.8,37,31.0,0,0,0,0,29
10/18/2025,wet,26.5,98,58.5,28,85,12,95,0
10/18/2025,dry,12.1,46,33.2,0,0,0,0,63
10/19/2025,wet,23.3,85,52.3,72,31,48,16,0
10/19/2025,dry,10.5,40,31.5,0,0,0,0,50
10/20/2025,wet,19.7,75,47.8,90,48,36,32,0
10/20/2025,dry,11.9,44,32.9,0,0,0,0,41
10/21/2025,wet,25.0,92,55.9,36,77,29,26,0
10/21/2025,dry,13.1,49,33.6,0,0,0,0,67
10/22/2025,wet,18.8,70,46.0,58,64,95,61,0
10/22/2025,dry,12.5,52,33.9,0,0,0,0,39
10/23/2025,wet,21.9,82,50.6,80,13,62,54,0
10/23/2025,dry,9.7,36,30.8,0,0,0,0,72
10/24/2025,wet,17.5,66,44.8,45,59,40,72,0
10/24/2025,dry,13.9,54,34.4,0,0,0,0,56
10/25/2025,wet,20.6,79,49.6,62,33,22,14,0
10/25/2025,dry,10.4,39,31.4,0,0,0,0,35
10/26/2025,wet,23.7,88,53.1,95,20,55,48,0
10/26/2025,dry,11.6,43,32.6,0,0,0,0,44
10/27/2025,wet,25.4,93,56.1,31,88,41,77,0
10/27/2025,dry,12.3,45,33.1,0,0,0,0,61
10/28/2025,wet,19.9,76,48.2,54,11,78,34,0
10/28/2025,dry,13.0,49,33.5,0,0,0,0,29
10/29/2025,wet,21.3,81,50.0,76,29,65,39,0
10/29/2025,dry,9.9,38,31.2,0,0,0,0,53
10/30/2025,wet,24.8,90,54.8,42,66,33,20,0
10/30/2025,dry,11.1,42,32.3,0,0,0,0,47
10/31/2025,wet,18.7,70,46.3,59,18,91,56,0
10/31/2025,dry,12.6,48,33.7,0,0,0,0,36
11/1/2025,wet,22.1,84,51.0,33,74,27,68,0
11/1/2025,dry,13.4,52,34.3,0,0,0,0,66
11/2/2025,wet,20.9,80,49.9,88,22,63,35,0
11/2/2025,dry,10.8,41,32.0,0,0,0,0,59
11/3/2025,wet,25.2,92,55.5,64,40,36,50,0
11/3/2025,dry,11.7,43,32.7,0,0,0,0,45
11/4/2025,wet,19.4,74,47.5,50,69,91,64,0
11/4/2025,dry,13.9,54,34.4,0,0,0,0,34
11/5/2025,wet,22.5,86,52.0,28,77,12,53,0
11/5/2025,dry,9.3,35,30.5,0,0,0,0,71
11/6/2025,wet,26.0,95,57.8,36,12,74,42,0
11/6/2025,dry,12.2,46,33.3,0,0,0,0,52
11/7/2025,wet,18.0,68,45.0,92,54,23,63,0
11/7/2025,dry,10.6,40,31.6,0,0,0,0,48
11/8/2025,wet,21.8,85,51.5,71,38,56,49,0
11/8/2025,dry,13.3,51,34.2,0,0,0,0,44
11/9/2025,wet,24.7,90,54.7,35,86,47,27,0
11/9/2025,dry,10.1,39,31.5,0,0,0,0,65
11/10/2025,wet,19.3,73,47.4,83,24,62,58,0
11/10/2025,dry,12.8,48,33.8,0,0,0,0,38
11/11/2025,wet,23.6,88,52.8,66,53,14,44,0
11/11/2025,dry,11.2,42,32.2,0,0,0,0,49
11/12/2025,wet,26.3,97,58.3,44,61,79,73,0
11/12/2025,dry,9.6,37,30.9,0,0,0,0,55
11/13/2025,wet,20.1,79,49.1,56,42,21,36,0
11/13/2025,dry,13.5,53,34.1,0,0,0,0,61
11/14/2025,wet,23.9,90,53.4,89,36,45,63,0
11/14/2025,dry,10.4,40,31.6,0,0,0,0,29
11/15/2025,wet,19.7,75,48.2,33,84,37,15,0
11/15/2025,dry,12.1,45,32.7,0,0,0,0,52
11/16/2025,wet,25.5,93,56.0,72,67,10,84,0
11/16/2025,dry,9.8,36,31.1,0,0,0,0,77
11/17/2025,wet,22.1,85,50.5,48,26,19,40,0
11/17/2025,dry,14.2,54,34.9,0,0,0,0,34
11/18/2025,wet,24.4,92,54.3,61,47,73,28,0
11/18/2025,dry,10.9,41,32.0,0,0,0,0,49
11/19/2025,wet,20.9,81,49.8,79,21,63,55,0
11/19/2025,dry,13.8,52,34.3,0,0,0,0,62
11/20/2025,wet,23.3,89,52.5,26,35,88,19,0
11/20/2025,dry,12.4,47,33.0,0,0,0,0,31
11/21/2025,wet,19.5,74,47.9,37,82,44,91,0
11/21/2025,dry,11.7,44,32.5,0,0,0,0,56
11/22/2025,wet,25.0,95,56.4,54,19,59,64,0
11/22/2025,dry,9.3,35,30.5,0,0,0,0,27
11/23/2025,wet,21.2,80,50.1,42,39,34,23,0
11/23/2025,dry,12.6,46,33.5,0,0,0,0,53
11/24/2025,wet,24.8,91,53.8,64,48,17,72,0
11/24/2025,dry,11.5,43,32.6,0,0,0,0,46
11/25/2025,wet,19.9,76,48.4,38,58,53,41,0
11/25/2025,dry,13.1,50,34.0,0,0,0,0,60
11/26/2025,wet,22.7,87,51.9,75,63,29,34,0
11/26/2025,dry,10.2,38,31.4,0,0,0,0,35
11/27/2025,wet,26.1,96,57.2,51,28,82,26,0
11/27/2025,dry,9.1,34,30.1,0,0,0,0,40
11/28/2025,wet,23.4,88,52.7,69,33,25,47,0
11/28/2025,dry,12.9,49,33.9,0,0,0,0,55
11/29/2025,wet,20.6,82,49.9,34,62,78,51,0
11/29/2025,dry,10.8,41,32.3,0,0,0,0,44
11/30/2025,wet,24.1,93,54.6,57,49,39,36,0
11/30/2025,dry,11.3,42,32.8,0,0,0,0,59
12/1/2025,wet,25.9,98,58.1,73,65,92,69,0
12/1/2025,dry,9.5,36,31.0,0,0,0,0,32
12/2/2025,wet,22.3,84,50.9,47,29,58,43,0
12/2/2025,dry,13.7,53,34.5,0,0,0,0,66
12/3/2025,wet,19.4,77,47.2,39,41,28,35,0
12/3/2025,dry,12.2,45,32.9,0,0,0,0,50
12/4/2025,wet,23.5,90,52.6,82,55,33,42,0
12/4/2025,dry,11.1,40,31.9,0,0,0,0,37
12/5/2025,wet,21.7,85,50.8,54,27,66,57,0
12/5/2025,dry,13.0,48,33.6,0,0,0,0,62
12/6/2025,wet,25.2,94,56.3,63,43,50,38,0
12/6/2025,dry,9.9,37,31.2,0,0,0,0,46
12/7/2025,wet,20.3,79,48.7,36,31,61,45,0
12/7/2025,dry,14.1,55,34.8,0,0,0,0,53
12/8/2025,wet,24.0,92,54.1,71,36,42,53,0
12/8/2025,dry,10.6,39,31.8,0,0,0,0,40
12/9/2025,wet,22.8,88,51.9,59,28,31,61,0
12/9/2025,dry,12.5,46,33.4,0,0,0,0,35
12/10/2025,wet,20.2,81,48.9,48,52,25,39,0
12/10/2025,dry,11.9,44,32.5,0,0,0,0,50
12/11/2025,wet,23.7,90,53.3,66,41,19,44,0
12/11/2025,dry,13.4,52,34.2,0,0,0,0,63
12/12/2025,wet,25.1,95,56.7,79,63,34,68,0
12/12/2025,dry,9.7,36,30.8,0,0,0,0,29
12/13/2025,wet,21.5,83,49.6,53,32,45,28,0
12/13/2025,dry,12.0,45,32.7,0,0,0,0,48
12/14/2025,wet,24.3,91,53.5,68,57,37,59,0
12/14/2025,dry,11.6,42,31.9,0,0,0,0,37
12/15/2025,wet,19.8,78,48.3,42,44,28,36,0
12/15/2025,dry,13.3,51,34.2,0,0,0,0,55
12/16/2025,wet,23.2,89,52.1,61,35,49,47,0
12/16/2025,dry,10.4,40,31.6,0,0,0,0,43
12/17/2025,wet,26.0,97,57.0,75,69,61,52,0
12/17/2025,dry,9.8,37,30.9,0,0,0,0,31
12/13/2025,wet,21.5,83,49.6,53,32,45,28,0
12/13/2025,dry,12.0,45,32.7,0,0,0,0,48
12/14/2025,wet,24.3,91,53.5,68,57,37,59,0
12/14/2025,dry,11.6,42,31.9,0,0,0,0,37
12/15/2025,wet,19.8,78,48.3,42,44,28,36,0
12/15/2025,dry,13.3,51,34.2,0,0,0,0,55
12/16/2025,wet,23.2,89,52.1,61,35,49,47,0
12/16/2025,dry,10.4,40,31.6,0,0,0,0,43
12/17/2025,wet,26.0,97,57.0,75,69,61,52,0
12/17/2025,dry,9.8,37,30.9,0,0,0,0,31
12/18/2025,wet,22.6,86,51.4,64,42,36,39,0
12/18/2025,dry,11.2,42,32.4,0,0,0,0,46
12/19/2025,wet,24.9,93,54.8,73,51,43,62,0
12/19/2025,dry,12.7,48,33.7,0,0,0,0,52
12/20/2025,wet,20.5,80,49.2,38,46,25,33,0
12/20/2025,dry,13.5,52,34.4,0,0,0,0,61
12/21/2025,wet,25.4,95,56.5,82,59,58,74,0
12/21/2025,dry,10.1,39,31.5,0,0,0,0,38
12/22/2025,wet,23.1,88,52.3,51,37,32,41,0
12/22/2025,dry,11.4,43,32.6,0,0,0,0,49
12/23/2025,wet,21.7,82,50.3,46,40,27,35,0
12/23/2025,dry,12.3,46,33.1,0,0,0,0,55
12/24/2025,wet,25.0,94,55.7,78,63,62,59,0
12/24/2025,dry,9.6,36,30.7,0,0,0,0,34
12/25/2025,wet,22.5,87,51.8,65,48,41,47,0
12/25/2025,dry,13.8,53,34.8,0,0,0,0,61
12/26/2025,wet,24.2,90,53.1,72,55,39,63,0
12/26/2025,dry,10.9,41,31.9,0,0,0,0,43
12/27/2025,wet,19.6,78,48.8,41,37,33,28,0
12/27/2025,dry,11.8,44,32.5,0,0,0,0,50
12/28/2025,wet,23.6,89,52.9,67,44,56,48,0
12/28/2025,dry,12.5,47,33.6,0,0,0,0,58
12/29/2025,wet,21.9,84,50.7,59,39,37,45,0
12/29/2025,dry,10.7,40,31.4,0,0,0,0,42
12/30/2025,wet,24.5,93,54.5,74,61,63,52,0
12/30/2025,dry,11.1,43,32.2,0,0,0,0,49
12/31/2025,wet,20.8,81,49.5,53,35,41,39,0
12/31/2025,dry,13.2,50,34.3,0,0,0,0,64
1/1/2026,wet,25.3,96,56.2,81,64,69,60,0
1/1/2026,dry,9.4,35,30.3,0,0,0,0,36
1/2/2026,wet,22.0,85,51.1,62,42,35,43,0
1/2/2026,dry,11.6,44,32.9,0,0,0,0,48
1/3/2026,wet,24.7,91,54.0,76,53,49,58,0
1/3/2026,dry,10.8,40,31.7,0,0,0,0,39
1/4/2026,wet,21.3,83,50.2,55,37,42,34,0
1/4/2026,dry,12.9,49,33.8,0,0,0,0,52
1/5/2026,wet,23.9,90,53.6,68,48,51,47,0
1/5/2026,dry,11.2,42,32.4,0,0,0,0,45
1/6/2026,wet,25.6,94,55.9,79,62,66,61,0
1/6/2026,dry,9.9,37,31.1,0,0,0,0,34
1/7/2026,wet,20.1,76,48.7,44,55,29,58,0
1/7/2026,dry,12.5,47,33.3,0,0,0,0,41
1/8/2026,wet,26.3,96,58.4,83,34,57,73,0
1/8/2026,dry,10.4,39,31.6,0,0,0,0,38
1/9/2026,wet,18.7,70,45.1,36,27,18,48,0
1/9/2026,dry,14.3,54,34.9,0,0,0,0,59
1/10/2026,wet,22.1,84,50.6,51,39,66,19,0
1/10/2026,dry,11.7,44,33.1,0,0,0,0,63
1/11/2026,wet,24.4,90,54.2,89,52,90,32,0
1/11/2026,dry,9.6,36,30.5,0,0,0,0,27
1/12/2026,wet,21.8,82,49.5,63,44,38,46,0
1/12/2026,dry,10.9,41,32.2,0,0,0,0,36
1/13/2026,wet,23.2,87,52.1,71,50,47,52,0
1/13/2026,dry,12.1,46,33.5,0,0,0,0,42
1/14/2026,wet,19.5,73,46.8,41,33,28,38,0
1/14/2026,dry,13.4,51,34.3,0,0,0,0,50
1/15/2026,wet,25.1,93,56.2,77,58,60,64,0
1/15/2026,dry,11.0,43,32.8,0,0,0,0,40
1/16/2026,wet,20.7,79,48.9,48,36,33,41,0
1/16/2026,dry,10.2,38,31.4,0,0,0,0,35
1/17/2026,wet,22.5,85,51.2,59,62,41,47,0
1/17/2026,dry,12.5,49,33.6,0,0,0,0,52
1/18/2026,wet,18.9,70,45.6,32,28,36,39,0
1/18/2026,dry,13.1,50,34.1,0,0,0,0,31
1/19/2026,wet,24.3,90,55.3,76,44,50,53,0
1/19/2026,dry,11.7,44,32.9,0,0,0,0,48
1/20/2026,wet,20.0,77,48.7,55,39,47,42,0
1/20/2026,dry,10.4,39,31.5,0,0,0,0,33
1/21/2026,wet,25.8,95,57.0,82,61,69,64,0
1/21/2026,dry,12.0,46,33.3,0,0,0,0,41
1/22/2026,wet,19.4,71,46.0,48,22,33,29,0
1/22/2026,dry,13.3,51,34.2,0,0,0,0,26
1/23/2026,wet,21.9,82,50.4,67,55,41,36,0
1/23/2026,dry,10.8,41,31.8,0,0,0,0,54
1/24/2026,wet,26.0,96,58.1,73,38,60,59,0
1/24/2026,dry,12.6,48,33.4,0,0,0,0,37
1/25/2026,wet,18.7,69,45.2,39,41,28,31,0
1/25/2026,dry,14.2,53,34.6,0,0,0,0,29
1/26/2026,wet,22.3,86,51.5,61,70,47,50,0
1/26/2026,dry,11.0,43,32.6,0,0,0,0,46
1/27/2026,wet,25.4,93,56.8,28,63,55,41,0
1/27/2026,dry,12.8,49,33.7,0,0,0,0,31
1/28/2026,wet,19.1,72,46.6,42,19,36,23,0
1/28/2026,dry,13.4,52,34.3,0,0,0,0,52
1/29/2026,wet,22.7,87,51.8,65,44,18,36,0
1/29/2026,dry,10.9,41,31.9,0,0,0,0,33
1/30/2026,wet,25.9,95,56.9,33,58,64,29,0
1/30/2026,dry,11.7,46,33.2,0,0,0,0,20
1/31/2026,wet,18.6,69,45.3,50,12,47,35,0
1/31/2026,dry,14.1,54,34.7,0,0,0,0,48
2/1/2026,wet,21.9,83,50.2,29,67,52,18,0
2/1/2026,dry,10.8,40,32.0,0,0,0,0,41
2/2/2026,wet,24.6,91,55.7,77,21,69,54,0
2/2/2026,dry,12.5,47,33.3,0,0,0,0,35
2/3/2026,wet,17.8,67,45.1,43,80,23,61,0
2/3/2026,dry,13.1,50,34.0,0,0,0,0,60
2/4/2026,wet,20.5,78,49.4,56,38,47,27,0
2/4/2026,dry,9.6,36,30.6,0,0,0,0,44
2/5/2026,wet,26.2,96,58.0,61,17,32,49,0
2/5/2026,dry,11.3,43,32.7,0,0,0,0,28
2/6/2026,wet,19.3,72,46.6,34,58,81,22,0
2/6/2026,dry,13.7,51,34.1,0,0,0,0,37
2/7/2026,wet,22.9,87,51.8,22,69,44,55,0
2/7/2026,dry,10.4,40,31.8,0,0,0,0,49
2/8/2026,wet,25.7,94,56.7,73,29,38,68,0
2/8/2026,dry,12.6,47,33.5,0,0,0,0,33
2/9/2026,wet,18.5,69,45.5,46,64,59,17,0
2/9/2026,dry,14.8,55,34.6,0,0,0,0,50
2/10/2026,wet,21.8,83,50.2,39,77,22,41,0
2/10/2026,dry,10.7,40,31.9,0,0,0,0,36
2/11/2026,wet,24.9,91,55.8,51,18,69,33,0
2/11/2026,dry,11.3,43,32.9,0,0,0,0,41
2/12/2026,wet,17.3,65,45.1,28,83,12,60,0
2/12/2026,dry,13.5,50,33.9,0,0,0,0,27
2/13/2026,wet,20.4,78,49.3,63,25,44,38,0
2/13/2026,dry,10.6,40,31.6,0,0,0,0,59
2/14/2026,wet,26.2,96,58.1,34,91,27,12,0
2/14/2026,dry,12.8,48,33.3,0,0,0,0,38
2/15/2026,wet,19.1,72,46.6,77,41,55,25,0
2/15/2026,dry,14.6,56,34.8,0,0,0,0,49